timestamp	commit	error_count	gates_passed	status	description
2026-03-19T18:13:01.157647190+00:00	797513cf8b3541ea97b8efe6ab3d61d69415315f	0	fmt,clippy,check	compile_clean_accept	agent failure path: wrote files, compile clean
2026-03-19T19:06:53.644063672+00:00	008de66617c32bf56a7c00071bca8b3963f7ac44	0	fmt,clippy,check	compile_clean_accept	agent failure path: wrote files, compile clean
2026-03-19T19:44:17.586486914+00:00	bf58fd328344b541b6e9768b4da916cf425f4b3a	0	fmt,clippy,check	compile_clean_accept	agent failure path: wrote files, compile clean
2026-03-19T20:50:52.424663980+00:00	a0e7284754877dbb883900bc7907b7141d918540	0	fmt,clippy,check	compile_clean_accept	agent failure path: wrote files, compile clean
2026-03-19T22:54:37.223114010+00:00	05bb98c1cd87295b6f5f9e0013ea514587a08500	0	fmt,clippy,check,test	success	all gates green
2026-03-22T20:43:23.589725800+00:00	0e0f5957a02c427599e1b8c6b550c84775248d60	0	fmt,clippy,check,test	success	all gates green
2026-03-23T05:45:54.381550162+00:00	0161acc019670436aa05eb9df473a9afc1b7fa5f	0	fmt,clippy,check,test	success	all gates green
2026-03-23T11:35:26.133641664+00:00	ccbd7e89bd50f9677d525e8e30e43a6d7b16791b	0	fmt,clippy,check	compile_clean_accept	agent failure path: wrote files, compile clean
2026-03-23T12:28:05.543283005+00:00	073dbfff0826bdd13a46dd70c5c7609b4c931ea4	0	fmt,clippy,check	compile_clean_accept	agent failure path: wrote files, compile clean
2026-03-23T13:28:37.125355962+00:00	ca6f086fa2263e10683116d8face6c7bd04aa504	0	fmt,clippy,check	compile_clean_accept	agent failure path: wrote files, compile clean
2026-03-25T06:45:49.677152926+00:00	df5a2c99eed134a8ac0ed1fa915eda4bb48802fc	0	fmt,clippy,check,test	success	all gates green
2026-03-25T08:43:43.951139252+00:00	762e2a1faa52c44b72a0e31d0c518481d5898e6f	0	fmt,clippy,check,test	success	all gates green
2026-03-25T19:13:28.834474695+00:00	a075b0a4dfb5c5262d4a11cbe32ff041bd23bb45	0	fmt,clippy,check,test	success	all gates green
2026-03-29T00:09:48.329580956+00:00	9740581db70548268349b71e9c9815b0f252c564	0	fmt,clippy,check,test	success	all gates green
2026-03-29T02:29:18.107675899+00:00	428473010016efc635ef9d4fc0c72e7f7ba2baf7	0	fmt,clippy,check,test	success	all gates green
2026-03-29T07:38:46.647266912+00:00	26e633447186f5601b825f4f5a10f7c3f6fddf5e	1		revert	non-improvement: 1 >= best 0
2026-03-29T07:56:57.081385026+00:00	26e633447186f5601b825f4f5a10f7c3f6fddf5e	0	fmt,clippy,check,test	success	all gates green
2026-03-29T08:21:09.585167377+00:00	2615248fcb425b711d093b6c2044fcdd06aa5a97	0	fmt,clippy,check,test	success	all gates green
2026-03-29T10:43:28.441949276+00:00	a596e0cd883089ccbe5cfa752fc9f42dc2049bbe	0	fmt,clippy,check,test	success	all gates green
2026-03-29T13:09:53.211390836+00:00	2c0ad57e1b7cf6ea6a998b723c799acdb40ddaf2	0	fmt,clippy,check,test	success	all gates green
2026-03-29T14:07:41.839607193+00:00	cbdc18b273e4ff00dd5e73f6654130ce784ab761	0	fmt,clippy,check,test	success	all gates green
2026-03-30T17:55:38.645979800+00:00	6028f5f905432976dc9597dcd6fe5b7592c7271e	0	fmt,clippy,check,test	success	all gates green
2026-03-30T18:24:31.716425966+00:00	89bf0d1212536ddd9e86a71375c134754e7f24d4	0	fmt,clippy,check,test	success	all gates green
2026-03-30T18:35:56.517264015+00:00	3ee971571443dbd4233ae00da6910a298285d79f	0	fmt,clippy,check,test	success	all gates green
2026-03-30T18:56:41.380480976+00:00	9a8dfa4e6c0bc53f62d119a1046a256aa30189c6	0	fmt,clippy,check,test	success	all gates green
2026-03-30T19:07:40.701854936+00:00	6af4a58bf687c898c81f1daf9601051e27aaaf51	0	fmt,clippy,check,test	success	all gates green
2026-03-30T19:35:24.639853348+00:00	d174c01ff8113b465314834b3290d1397b7d1ac8	0	fmt,clippy,check,test	success	all gates green
2026-03-30T19:52:18.252877908+00:00	b075abce95906336ab35408bc20314e9ec2e343e	0	fmt,clippy,check,test	success	all gates green
2026-03-30T19:59:52.839342124+00:00	d6006b293ca651e186ccf5d750522451a694dcb7	0	fmt,clippy,check,test	success	all gates green
2026-03-30T20:16:44.240655916+00:00	c39a3ce2d2583f36baf288e8140b72003503bf05	0		revert	non-improvement: 0 >= best 0
2026-03-30T20:23:04.767112298+00:00	c39a3ce2d2583f36baf288e8140b72003503bf05	0	fmt,clippy,check,test	success	all gates green
2026-03-30T21:21:37.376523758+00:00	7029528c3f43f2f3751a4b4ce50ed4f768b4dbc9	0	fmt,clippy,check,test	success	all gates green
2026-03-30T21:58:34.294649842+00:00	46444b89644898254db9b81a262bf408857abadb	0	fmt,clippy,check,test	success	all gates green
2026-03-30T22:13:23.237425788+00:00	6981c905bfd82eb511717a0f4c28ac251b41da6a	0	fmt,clippy,check,test	success	all gates green
2026-03-30T22:46:38.117396166+00:00	2d6297964df1ad0bff103a2eeb6bfed8abe9c494	0	fmt,clippy,check,test	success	all gates green
2026-03-30T22:57:36.251159713+00:00	72e20bc88982be03ac000a36f04a38828adaae2d	0	fmt,clippy,check,test	success	all gates green
2026-03-30T23:42:36.577618005+00:00	b5ae149eae8ded34ab441a3319ccaa288aa83c31	0	fmt,clippy,check,test	success	all gates green
2026-03-31T00:00:45.289176838+00:00	6633a97d6b8729cb2f57d591119abd4016f43de3	0	fmt,clippy,check,test	success	all gates green
2026-03-31T00:13:25.513457770+00:00	682a47406eecb279823d4c15a562f3c1bf348fb3	0	fmt,clippy,check,test	success	all gates green
2026-03-31T00:26:05.424202724+00:00	5e95e1f3ab7cd3f74432fa825cdaeed5b71fa7c4	0	fmt,clippy,check,test	success	all gates green
2026-03-31T00:36:45.037527871+00:00	3a0a76e5c954ca3ed2324305864350ddd8ed510a	0	fmt,clippy,check,test	success	all gates green
2026-03-31T00:48:41.240697542+00:00	da86560d7667d9cd8d23da581cf743e96331496c	0	fmt,clippy,check,test	success	all gates green
2026-03-31T01:23:07.623773037+00:00	0712c17b5997ed1d114b5492e39411de6bf5fe76	0	fmt,clippy,check,test	success	all gates green
2026-03-31T01:56:18.097033431+00:00	9582b96bc083aa1a52b95db3d90b6fa773f9c219	0	fmt,clippy,check,test	success	all gates green
2026-03-31T02:08:08.967788141+00:00	00e5720ddc2ce7ec73d3e92fbe3b2f6fc4d7a604	0	fmt,clippy,check,test	success	all gates green
2026-03-31T02:17:21.020877640+00:00	353881b149b070cbe0f35569b4c3359b5c842fa0	0	fmt,clippy,check,test	success	all gates green
2026-03-31T02:28:21.513712307+00:00	1e415252a59ceeafba2459ce59de1bbc0a157280	0	fmt,clippy,check,test	success	all gates green
2026-03-31T02:39:26.922749298+00:00	55cdf248c0d41174c9674a6e634a53ecc16a3c6c	0	fmt,clippy,check,test	success	all gates green
2026-03-31T03:15:39.694390874+00:00	beb6726274bf3cc74c0b321d03346dcb8379f711	0	fmt,clippy,check,test	success	all gates green
2026-03-31T03:45:03.055427857+00:00	3413f964ea9bf8be25489cbf0e8dddfcd02cc7ee	0	fmt,clippy,check,test	success	all gates green
2026-03-31T04:33:44.003966120+00:00	7d9b37ab2061f5eef5c3057877aa000dc75690f0	0	fmt,clippy,check,test	success	all gates green
2026-03-31T05:18:34.569146884+00:00	f97bc95347b2a27a689cff74eefa7668338d4377	0	fmt,clippy,check,test	success	all gates green
2026-03-31T05:30:51.508092041+00:00	11d8898ff1a4532b237ffd38f4a10607beeb57c6	0	fmt,clippy,check,test	success	all gates green
2026-03-31T06:02:29.643428834+00:00	5153892ad0023459ecd2ea9dfd856c1d0b22e4a1	0	fmt,clippy,check,test	success	all gates green
2026-03-31T06:15:13.080808318+00:00	297e051f9f9838574014d76ec0856f6fe7d0cd10	0	fmt,clippy,check,test	success	all gates green
